2021-02-12,.de-Domain 31 Cent WSV21,31 Cent / Monat
2021-02-12,Webhosting Passwort123,"1,00 Euro / Monat"
2021-02-12,VPS 200 G8 BF20,"1,79 Euro / Monat"
2021-02-12,VPS Black Wonder,"12,12 Euro / Monat"
2021-02-12,.de-Domain 16 Cent BF20,16 Cent / Monat
2021-02-12,RS 4000 G9 SE BF20,"25,00 Euro / Monat"
2021-02-12,.at-Domain 10 Euro BF20,"10,00 Euro / Jahr"
2021-02-12,Webhosting 1000 SE BF20,"0,97 Euro / Monat"
2021-02-12,Cloud vLAN Giga BF20,"5,99 Euro / Monat"
2021-02-12,RS Black Special 3,"30,30 Euro / Monat"
